{"grid": [50, 100, 150, 200, 250, 300, 350, 400, 450, 500, 550, 600, 650, 700, 750, 800, 850, 900, 950, 1000], "crit_vals": [0.1974922202878242, 0.12141438211803597, 0.08820482306049486, 0.07049096389537715, 0.06082963782743337, 0.05326356510260155, 0.04698782629864537, 0.041927554207151184, 0.039290751621759865, 0.03686344350475733, 0.03403165695634083, 0.031722616017985344, 0.030859971665951568, 0.028380078758064167, 0.026841355268713892, 0.026356545085711894, 0.024609651390847205, 0.02374874115291174, 0.02271392835873799, 0.02202167740673004]}