{"grid": [1500, 2000, 2500, 3000], "crit_vals": [0.005263621424095052, 0.004080187306531051, 0.003260471611371801, 0.0028143846431135954]}