{"grid": [50, 100, 150, 200, 250, 300, 350, 400, 450, 500, 550, 600, 650, 700, 750, 800, 850, 900, 950, 1000], "crit_vals": [0.12574976998749685, 0.06546372401895785, 0.05145189345826683, 0.03425820557227134, 0.02950036378643808, 0.024408109173778936, 0.0205615834251, 0.0185982788369547, 0.01612355707780398, 0.014707002885970074, 0.01392743502736211, 0.012761525565197988, 0.011513617649929222, 0.010794566268246524, 0.010355401711237661, 0.009820766209857236, 0.009254220947812758, 0.008583554707568839, 0.008582384824769402, 0.007858338839190128]}